sample_id,input_json,pair_scope,expected_relation,label_status
CR-001,"{""clause_text"":""Là tài khoản có trạng thái hoạt động, không bị khóa ghi nợ, không đồng sở hữu và không có người giám hộ."",""left_condition"":""có trạng thái hoạt động"",""right_condition"":""không bị khóa ghi nợ""}",flat,and,curated
CR-001S,"{""clause_text"":""không bị khóa ghi nợ và có trạng thái hoạt động."",""left_condition"":""không bị khóa ghi nợ"",""right_condition"":""có trạng thái hoạt động""}",flat,and,synthetic_checked
CR-001P,"{""clause_text"":""có trạng thái hoạt động đồng thời không bị khóa ghi nợ."",""left_condition"":""có trạng thái hoạt động"",""right_condition"":""không bị khóa ghi nợ""}",flat,and,synthetic_checked
CR-001F,"{""clause_text"":""có trạng thái hoạt động hoặc không bị khóa ghi nợ."",""left_condition"":""có trạng thái hoạt động"",""right_condition"":""không bị khóa ghi nợ""}",flat,or,synthetic_checked
CR-002,"{""clause_text"":""Là tài khoản có trạng thái hoạt động, không bị khóa ghi nợ, không đồng sở hữu và không có người giám hộ."",""left_condition"":""không bị khóa ghi nợ"",""right_condition"":""không đồng sở hữu""}",flat,and,curated
CR-002S,"{""clause_text"":""không đồng sở hữu và không bị khóa ghi nợ."",""left_condition"":""không đồng sở hữu"",""right_condition"":""không bị khóa ghi nợ""}",flat,and,synthetic_checked
CR-002P,"{""clause_text"":""không bị khóa ghi nợ đồng thời không đồng sở hữu."",""left_condition"":""không bị khóa ghi nợ"",""right_condition"":""không đồng sở hữu""}",flat,and,synthetic_checked
CR-002F,"{""clause_text"":""không bị khóa ghi nợ hoặc không đồng sở hữu."",""left_condition"":""không bị khóa ghi nợ"",""right_condition"":""không đồng sở hữu""}",flat,or,synthetic_checked
CR-003,"{""clause_text"":""Là tài khoản có trạng thái hoạt động, không bị khóa ghi nợ, không đồng sở hữu và không có người giám hộ."",""left_condition"":""không đồng sở hữu"",""right_condition"":""không có người giám hộ""}",flat,and,curated
CR-003S,"{""clause_text"":""không có người giám hộ và không đồng sở hữu."",""left_condition"":""không có người giám hộ"",""right_condition"":""không đồng sở hữu""}",flat,and,synthetic_checked
CR-003P,"{""clause_text"":""không đồng sở hữu đồng thời không có người giám hộ."",""left_condition"":""không đồng sở hữu"",""right_condition"":""không có người giám hộ""}",flat,and,synthetic_checked
CR-003F,"{""clause_text"":""không đồng sở hữu hoặc không có người giám hộ."",""left_condition"":""không đồng sở hữu"",""right_condition"":""không có người giám hộ""}",flat,or,synthetic_checked
CR-004,"{""clause_text"":""Là tài khoản có trạng thái hoạt động, không bị khóa ghi có, không đồng sở hữu và không có người giám hộ."",""left_condition"":""có trạng thái hoạt động"",""right_condition"":""không bị khóa ghi có""}",flat,and,curated
CR-004S,"{""clause_text"":""không bị khóa ghi có và có trạng thái hoạt động."",""left_condition"":""không bị khóa ghi có"",""right_condition"":""có trạng thái hoạt động""}",flat,and,synthetic_checked
CR-004P,"{""clause_text"":""có trạng thái hoạt động đồng thời không bị khóa ghi có."",""left_condition"":""có trạng thái hoạt động"",""right_condition"":""không bị khóa ghi có""}",flat,and,synthetic_checked
CR-004F,"{""clause_text"":""có trạng thái hoạt động hoặc không bị khóa ghi có."",""left_condition"":""có trạng thái hoạt động"",""right_condition"":""không bị khóa ghi có""}",flat,or,synthetic_checked
CR-005,"{""clause_text"":""Là tài khoản có trạng thái hoạt động, không bị khóa ghi có, không đồng sở hữu và không có người giám hộ."",""left_condition"":""không bị khóa ghi có"",""right_condition"":""không đồng sở hữu""}",flat,and,curated
CR-005S,"{""clause_text"":""không đồng sở hữu và không bị khóa ghi có."",""left_condition"":""không đồng sở hữu"",""right_condition"":""không bị khóa ghi có""}",flat,and,synthetic_checked
CR-005P,"{""clause_text"":""không bị khóa ghi có đồng thời không đồng sở hữu."",""left_condition"":""không bị khóa ghi có"",""right_condition"":""không đồng sở hữu""}",flat,and,synthetic_checked
CR-005F,"{""clause_text"":""không bị khóa ghi có hoặc không đồng sở hữu."",""left_condition"":""không bị khóa ghi có"",""right_condition"":""không đồng sở hữu""}",flat,or,synthetic_checked
CR-006,"{""clause_text"":""Là tài khoản có trạng thái hoạt động, không bị khóa ghi có, không đồng sở hữu và không có người giám hộ."",""left_condition"":""không đồng sở hữu"",""right_condition"":""không có người giám hộ""}",flat,and,curated
CR-006S,"{""clause_text"":""không có người giám hộ và không đồng sở hữu."",""left_condition"":""không có người giám hộ"",""right_condition"":""không đồng sở hữu""}",flat,and,synthetic_checked
CR-006P,"{""clause_text"":""không đồng sở hữu đồng thời không có người giám hộ."",""left_condition"":""không đồng sở hữu"",""right_condition"":""không có người giám hộ""}",flat,and,synthetic_checked
CR-006F,"{""clause_text"":""không đồng sở hữu hoặc không có người giám hộ."",""left_condition"":""không đồng sở hữu"",""right_condition"":""không có người giám hộ""}",flat,or,synthetic_checked
CR-007,"{""clause_text"":""KH phải có CCCD/Thẻ căn cước 12 số và còn hạn sử dụng tính đến ngày đăng ký."",""left_condition"":""có CCCD/Thẻ căn cước 12 số"",""right_condition"":""còn hạn sử dụng tính đến ngày đăng ký""}",flat,and,curated
CR-007S,"{""clause_text"":""còn hạn sử dụng tính đến ngày đăng ký và có CCCD/Thẻ căn cước 12 số."",""left_condition"":""còn hạn sử dụng tính đến ngày đăng ký"",""right_condition"":""có CCCD/Thẻ căn cước 12 số""}",flat,and,synthetic_checked
CR-007P,"{""clause_text"":""có CCCD/Thẻ căn cước 12 số đồng thời còn hạn sử dụng tính đến ngày đăng ký."",""left_condition"":""có CCCD/Thẻ căn cước 12 số"",""right_condition"":""còn hạn sử dụng tính đến ngày đăng ký""}",flat,and,synthetic_checked
CR-007F,"{""clause_text"":""có CCCD/Thẻ căn cước 12 số hoặc còn hạn sử dụng tính đến ngày đăng ký."",""left_condition"":""có CCCD/Thẻ căn cước 12 số"",""right_condition"":""còn hạn sử dụng tính đến ngày đăng ký""}",flat,or,synthetic_checked
CR-008,"{""clause_text"":""KH phải đã thu thập STH và được xác thực bởi cơ quan có thẩm quyền (C06). Các trạng thái khác bị từ chối."",""left_condition"":""đã thu thập STH"",""right_condition"":""được xác thực bởi cơ quan có thẩm quyền (C06)""}",flat,and,curated
CR-008S,"{""clause_text"":""được xác thực bởi cơ quan có thẩm quyền (C06) và đã thu thập STH."",""left_condition"":""được xác thực bởi cơ quan có thẩm quyền (C06)"",""right_condition"":""đã thu thập STH""}",flat,and,synthetic_checked
CR-008P,"{""clause_text"":""đã thu thập STH đồng thời được xác thực bởi cơ quan có thẩm quyền (C06)."",""left_condition"":""đã thu thập STH"",""right_condition"":""được xác thực bởi cơ quan có thẩm quyền (C06)""}",flat,and,synthetic_checked
CR-008F,"{""clause_text"":""đã thu thập STH hoặc được xác thực bởi cơ quan có thẩm quyền (C06)."",""left_condition"":""đã thu thập STH"",""right_condition"":""được xác thực bởi cơ quan có thẩm quyền (C06)""}",flat,or,synthetic_checked
CR-009,"{""clause_text"":""KH chỉ được phép đăng ký thẻ tín dụng cầm cố tiền gửi nếu KH chưa có thẻ tín dụng HOẶC đã có thẻ tín dụng nhưng tất cả đã hết hiệu lực (trạng thái thẻ tham số động) và toàn bộ dư nợ <= 0."",""left_condition"":""KH chưa có thẻ tín dụng"",""right_condition"":""đã có thẻ tín dụng nhưng tất cả đã hết hiệu lực""}",nested_outer,or,curated
CR-009S,"{""clause_text"":""đã có thẻ tín dụng nhưng tất cả đã hết hiệu lực hoặc KH chưa có thẻ tín dụng."",""left_condition"":""đã có thẻ tín dụng nhưng tất cả đã hết hiệu lực"",""right_condition"":""KH chưa có thẻ tín dụng""}",flat,or,synthetic_checked
CR-009P,"{""clause_text"":""KH chưa có thẻ tín dụng hoặc đã có thẻ tín dụng nhưng tất cả đã hết hiệu lực."",""left_condition"":""KH chưa có thẻ tín dụng"",""right_condition"":""đã có thẻ tín dụng nhưng tất cả đã hết hiệu lực""}",flat,or,synthetic_checked
CR-009F,"{""clause_text"":""KH chưa có thẻ tín dụng và đã có thẻ tín dụng nhưng tất cả đã hết hiệu lực."",""left_condition"":""KH chưa có thẻ tín dụng"",""right_condition"":""đã có thẻ tín dụng nhưng tất cả đã hết hiệu lực""}",flat,and,synthetic_checked
CR-010,"{""clause_text"":""KH chỉ được phép đăng ký thẻ tín dụng cầm cố tiền gửi nếu KH chưa có thẻ tín dụng HOẶC đã có thẻ tín dụng nhưng tất cả đã hết hiệu lực (trạng thái thẻ tham số động) và toàn bộ dư nợ <= 0."",""left_condition"":""tất cả đã hết hiệu lực (trạng thái thẻ tham số động)"",""right_condition"":""toàn bộ dư nợ <= 0""}",nested_inner,and,curated
CR-010S,"{""clause_text"":""toàn bộ dư nợ <= 0 và tất cả đã hết hiệu lực (trạng thái thẻ tham số động)."",""left_condition"":""toàn bộ dư nợ <= 0"",""right_condition"":""tất cả đã hết hiệu lực (trạng thái thẻ tham số động)""}",flat,and,synthetic_checked
CR-010P,"{""clause_text"":""tất cả đã hết hiệu lực (trạng thái thẻ tham số động) đồng thời toàn bộ dư nợ <= 0."",""left_condition"":""tất cả đã hết hiệu lực (trạng thái thẻ tham số động)"",""right_condition"":""toàn bộ dư nợ <= 0""}",flat,and,synthetic_checked
CR-010F,"{""clause_text"":""tất cả đã hết hiệu lực (trạng thái thẻ tham số động) hoặc toàn bộ dư nợ <= 0."",""left_condition"":""tất cả đã hết hiệu lực (trạng thái thẻ tham số động)"",""right_condition"":""toàn bộ dư nợ <= 0""}",flat,or,synthetic_checked
CR-011,"{""clause_text"":""Phải đồng thời thỏa: Loại = Thanh toán, ruleDebit = 1, ccy = VND, đúng Mã dịch vụ Phong tỏa TK"",""left_condition"":""Loại = Thanh toán"",""right_condition"":""ruleDebit = 1""}",flat,and,curated
CR-011S,"{""clause_text"":""ruleDebit = 1 và Loại = Thanh toán."",""left_condition"":""ruleDebit = 1"",""right_condition"":""Loại = Thanh toán""}",flat,and,synthetic_checked
CR-011P,"{""clause_text"":""Loại = Thanh toán đồng thời ruleDebit = 1."",""left_condition"":""Loại = Thanh toán"",""right_condition"":""ruleDebit = 1""}",flat,and,synthetic_checked
CR-011F,"{""clause_text"":""Loại = Thanh toán hoặc ruleDebit = 1."",""left_condition"":""Loại = Thanh toán"",""right_condition"":""ruleDebit = 1""}",flat,or,synthetic_checked
CR-012,"{""clause_text"":""Phải đồng thời thỏa: Loại = Thanh toán, ruleDebit = 1, ccy = VND, đúng Mã dịch vụ Phong tỏa TK"",""left_condition"":""ruleDebit = 1"",""right_condition"":""ccy = VND""}",flat,and,curated
CR-012S,"{""clause_text"":""ccy = VND và ruleDebit = 1."",""left_condition"":""ccy = VND"",""right_condition"":""ruleDebit = 1""}",flat,and,synthetic_checked
CR-012P,"{""clause_text"":""ruleDebit = 1 đồng thời ccy = VND."",""left_condition"":""ruleDebit = 1"",""right_condition"":""ccy = VND""}",flat,and,synthetic_checked
CR-012F,"{""clause_text"":""ruleDebit = 1 hoặc ccy = VND."",""left_condition"":""ruleDebit = 1"",""right_condition"":""ccy = VND""}",flat,or,synthetic_checked
CR-013,"{""clause_text"":""Phải đồng thời thỏa: Loại = Thanh toán, ruleDebit = 1, ccy = VND, đúng Mã dịch vụ Phong tỏa TK"",""left_condition"":""ccy = VND"",""right_condition"":""đúng Mã dịch vụ Phong tỏa TK""}",flat,and,curated
CR-013S,"{""clause_text"":""đúng Mã dịch vụ Phong tỏa TK và ccy = VND."",""left_condition"":""đúng Mã dịch vụ Phong tỏa TK"",""right_condition"":""ccy = VND""}",flat,and,synthetic_checked
CR-013P,"{""clause_text"":""ccy = VND đồng thời đúng Mã dịch vụ Phong tỏa TK."",""left_condition"":""ccy = VND"",""right_condition"":""đúng Mã dịch vụ Phong tỏa TK""}",flat,and,synthetic_checked
CR-013F,"{""clause_text"":""ccy = VND hoặc đúng Mã dịch vụ Phong tỏa TK."",""left_condition"":""ccy = VND"",""right_condition"":""đúng Mã dịch vụ Phong tỏa TK""}",flat,or,synthetic_checked
CR-014,"{""clause_text"":""Tài khoản tiết kiệm có kỳ hạn mở tại quầy/ mở trực tuyến được dùng làm TSBĐ:; - mã sản phẩm tiết kiệm hợp lệ (tham số động mã sản phẩm); - loại tiền VND; - không bị chặn ghi nợ, không đồng sở hữu, không bị lien/lost/blocked,; - Không bị hạn chế quyền quyền sở hữu, chuyển nhượng, không thuộc diện đang bảo đảm cho nghĩa vụ của KH và/hoặc bên thứ ba tại VCB và/hoặc các tổ chức tín dụng khác; - trạng thái tài khoản hợp lệ, không thuộc các trạng thái:- Tài khoản chung; - Tài khoản chỉ ghi có; - Tài khoản bị tạm khoá/ phong toả; - Tài khoản mở thông qua người giám hộ, người đại diện theo pháp luật"",""left_condition"":""không bị chặn ghi nợ"",""right_condition"":""không đồng sở hữu""}",flat,and,curated
CR-014S,"{""clause_text"":""không đồng sở hữu và không bị chặn ghi nợ."",""left_condition"":""không đồng sở hữu"",""right_condition"":""không bị chặn ghi nợ""}",flat,and,synthetic_checked
CR-014P,"{""clause_text"":""không bị chặn ghi nợ đồng thời không đồng sở hữu."",""left_condition"":""không bị chặn ghi nợ"",""right_condition"":""không đồng sở hữu""}",flat,and,synthetic_checked
CR-014F,"{""clause_text"":""không bị chặn ghi nợ hoặc không đồng sở hữu."",""left_condition"":""không bị chặn ghi nợ"",""right_condition"":""không đồng sở hữu""}",flat,or,synthetic_checked
CR-015,"{""clause_text"":""TK TT / TK CKH quay vòng / TK KKH: > ngày hiện tại. TK CKH không quay vòng (autoRenewalCode = 2 hoặc 0) / TK tích lũy: > ngày hiện tại VÀ < ngày đến hạn"",""left_condition"":""TK CKH không quay vòng (autoRenewalCode = 2 hoặc 0)"",""right_condition"":""TK tích lũy""}",nested_inner,or,curated
CR-015S,"{""clause_text"":""TK tích lũy hoặc TK CKH không quay vòng (autoRenewalCode = 2 hoặc 0)."",""left_condition"":""TK tích lũy"",""right_condition"":""TK CKH không quay vòng (autoRenewalCode = 2 hoặc 0)""}",flat,or,synthetic_checked
CR-015P,"{""clause_text"":""TK CKH không quay vòng (autoRenewalCode = 2 hoặc 0) hoặc TK tích lũy."",""left_condition"":""TK CKH không quay vòng (autoRenewalCode = 2 hoặc 0)"",""right_condition"":""TK tích lũy""}",flat,or,synthetic_checked
CR-015F,"{""clause_text"":""TK CKH không quay vòng (autoRenewalCode = 2 hoặc 0) và TK tích lũy."",""left_condition"":""TK CKH không quay vòng (autoRenewalCode = 2 hoặc 0)"",""right_condition"":""TK tích lũy""}",flat,and,synthetic_checked
CR-016,"{""clause_text"":""TK TT / TK CKH quay vòng / TK KKH: > ngày hiện tại. TK CKH không quay vòng (autoRenewalCode = 2 hoặc 0) / TK tích lũy: > ngày hiện tại VÀ < ngày đến hạn"",""left_condition"":""> ngày hiện tại"",""right_condition"":""< ngày đến hạn""}",nested_inner,and,curated
CR-016S,"{""clause_text"":""< ngày đến hạn và > ngày hiện tại."",""left_condition"":""< ngày đến hạn"",""right_condition"":""> ngày hiện tại""}",flat,and,synthetic_checked
CR-016P,"{""clause_text"":""> ngày hiện tại đồng thời < ngày đến hạn."",""left_condition"":""> ngày hiện tại"",""right_condition"":""< ngày đến hạn""}",flat,and,synthetic_checked
CR-016F,"{""clause_text"":""> ngày hiện tại hoặc < ngày đến hạn."",""left_condition"":""> ngày hiện tại"",""right_condition"":""< ngày đến hạn""}",flat,or,synthetic_checked
CR-017,"{""clause_text"":""Nếu TK thu phí ≠ TK phong tỏa hoặc phí = 0: Số tiền phong tỏa ≤ SDKD. Nếu TK thu phí = TK phong tỏa: Số tiền PT + phí + số dư tối thiểu ≤ SDKD"",""left_condition"":""TK thu phí ≠ TK phong tỏa"",""right_condition"":""phí = 0""}",nested_inner,or,curated
CR-017S,"{""clause_text"":""phí = 0 hoặc TK thu phí ≠ TK phong tỏa."",""left_condition"":""phí = 0"",""right_condition"":""TK thu phí ≠ TK phong tỏa""}",flat,or,synthetic_checked
CR-017P,"{""clause_text"":""TK thu phí ≠ TK phong tỏa hoặc phí = 0."",""left_condition"":""TK thu phí ≠ TK phong tỏa"",""right_condition"":""phí = 0""}",flat,or,synthetic_checked
CR-017F,"{""clause_text"":""TK thu phí ≠ TK phong tỏa và phí = 0."",""left_condition"":""TK thu phí ≠ TK phong tỏa"",""right_condition"":""phí = 0""}",flat,and,synthetic_checked
CR-018,"{""clause_text"":""Một chứng từ chỉ vào được danh sách chọn chứng từ gốc khi thoả đồng thời bốn điều kiện: Trạng thái = Đã ghi sổ và Tuỳ chọn hoá đơn ≠ \""Không có hoá đơn\"" và Số hoá đơn khai thẳng trên chứng từ = rỗng và chưa có chứng từ nghiệp vụ khác nào ghi nhận hoá đơn cho nó — kể cả chứng từ nghiệp vụ khác còn ở trạng thái Chưa ghi sổ. Điều kiện thứ tư bảo đảm danh sách chỉ gồm chứng từ chưa có hoá đơn; hệ quả là mỗi chứng từ gốc chỉ khai hoá đơn qua đúng một chứng từ nghiệp vụ khác. Nhà cung cấp gửi hoá đơn làm nhiều đợt cho cùng một chứng từ gốc thì người dùng khai thêm tờ hoá đơn vào chính chứng từ nghiệp vụ khác đã lập cho chứng từ gốc đó — chứng từ đã ghi sổ thì Bỏ ghi sổ, Sửa rồi ghi sổ lại (BR-36) — không lập thêm chứng từ nghiệp vụ khác thứ hai. Chứng từ chọn Không có hoá đơn (khai qua Bảng kê mua vào không có hoá đơn) không bao giờ vào danh sách vì không phát sinh thuế GTGT đầu vào được khấu trừ."",""left_condition"":""Trạng thái = Đã ghi sổ"",""right_condition"":""Tuỳ chọn hoá đơn ≠ \""Không có hoá đơn\""""}",flat,and,curated
CR-018S,"{""clause_text"":""Tuỳ chọn hoá đơn ≠ \""Không có hoá đơn\"" và Trạng thái = Đã ghi sổ."",""left_condition"":""Tuỳ chọn hoá đơn ≠ \""Không có hoá đơn\"""",""right_condition"":""Trạng thái = Đã ghi sổ""}",flat,and,synthetic_checked
CR-018P,"{""clause_text"":""Trạng thái = Đã ghi sổ đồng thời Tuỳ chọn hoá đơn ≠ \""Không có hoá đơn\""."",""left_condition"":""Trạng thái = Đã ghi sổ"",""right_condition"":""Tuỳ chọn hoá đơn ≠ \""Không có hoá đơn\""""}",flat,and,synthetic_checked
CR-018F,"{""clause_text"":""Trạng thái = Đã ghi sổ hoặc Tuỳ chọn hoá đơn ≠ \""Không có hoá đơn\""."",""left_condition"":""Trạng thái = Đã ghi sổ"",""right_condition"":""Tuỳ chọn hoá đơn ≠ \""Không có hoá đơn\""""}",flat,or,synthetic_checked
CR-019,"{""clause_text"":""Một chứng từ chỉ vào được danh sách chọn chứng từ gốc khi thoả đồng thời bốn điều kiện: Trạng thái = Đã ghi sổ và Tuỳ chọn hoá đơn ≠ \""Không có hoá đơn\"" và Số hoá đơn khai thẳng trên chứng từ = rỗng và chưa có chứng từ nghiệp vụ khác nào ghi nhận hoá đơn cho nó — kể cả chứng từ nghiệp vụ khác còn ở trạng thái Chưa ghi sổ. Điều kiện thứ tư bảo đảm danh sách chỉ gồm chứng từ chưa có hoá đơn; hệ quả là mỗi chứng từ gốc chỉ khai hoá đơn qua đúng một chứng từ nghiệp vụ khác. Nhà cung cấp gửi hoá đơn làm nhiều đợt cho cùng một chứng từ gốc thì người dùng khai thêm tờ hoá đơn vào chính chứng từ nghiệp vụ khác đã lập cho chứng từ gốc đó — chứng từ đã ghi sổ thì Bỏ ghi sổ, Sửa rồi ghi sổ lại (BR-36) — không lập thêm chứng từ nghiệp vụ khác thứ hai. Chứng từ chọn Không có hoá đơn (khai qua Bảng kê mua vào không có hoá đơn) không bao giờ vào danh sách vì không phát sinh thuế GTGT đầu vào được khấu trừ."",""left_condition"":""Tuỳ chọn hoá đơn ≠ \""Không có hoá đơn\"""",""right_condition"":""Số hoá đơn khai thẳng trên chứng từ = rỗng""}",flat,and,curated
CR-019S,"{""clause_text"":""Số hoá đơn khai thẳng trên chứng từ = rỗng và Tuỳ chọn hoá đơn ≠ \""Không có hoá đơn\""."",""left_condition"":""Số hoá đơn khai thẳng trên chứng từ = rỗng"",""right_condition"":""Tuỳ chọn hoá đơn ≠ \""Không có hoá đơn\""""}",flat,and,synthetic_checked
CR-019P,"{""clause_text"":""Tuỳ chọn hoá đơn ≠ \""Không có hoá đơn\"" đồng thời Số hoá đơn khai thẳng trên chứng từ = rỗng."",""left_condition"":""Tuỳ chọn hoá đơn ≠ \""Không có hoá đơn\"""",""right_condition"":""Số hoá đơn khai thẳng trên chứng từ = rỗng""}",flat,and,synthetic_checked
CR-019F,"{""clause_text"":""Tuỳ chọn hoá đơn ≠ \""Không có hoá đơn\"" hoặc Số hoá đơn khai thẳng trên chứng từ = rỗng."",""left_condition"":""Tuỳ chọn hoá đơn ≠ \""Không có hoá đơn\"""",""right_condition"":""Số hoá đơn khai thẳng trên chứng từ = rỗng""}",flat,or,synthetic_checked
CR-020,"{""clause_text"":""Một chứng từ chỉ vào được danh sách chọn chứng từ gốc khi thoả đồng thời bốn điều kiện: Trạng thái = Đã ghi sổ và Tuỳ chọn hoá đơn ≠ \""Không có hoá đơn\"" và Số hoá đơn khai thẳng trên chứng từ = rỗng và chưa có chứng từ nghiệp vụ khác nào ghi nhận hoá đơn cho nó — kể cả chứng từ nghiệp vụ khác còn ở trạng thái Chưa ghi sổ. Điều kiện thứ tư bảo đảm danh sách chỉ gồm chứng từ chưa có hoá đơn; hệ quả là mỗi chứng từ gốc chỉ khai hoá đơn qua đúng một chứng từ nghiệp vụ khác. Nhà cung cấp gửi hoá đơn làm nhiều đợt cho cùng một chứng từ gốc thì người dùng khai thêm tờ hoá đơn vào chính chứng từ nghiệp vụ khác đã lập cho chứng từ gốc đó — chứng từ đã ghi sổ thì Bỏ ghi sổ, Sửa rồi ghi sổ lại (BR-36) — không lập thêm chứng từ nghiệp vụ khác thứ hai. Chứng từ chọn Không có hoá đơn (khai qua Bảng kê mua vào không có hoá đơn) không bao giờ vào danh sách vì không phát sinh thuế GTGT đầu vào được khấu trừ."",""left_condition"":""Số hoá đơn khai thẳng trên chứng từ = rỗng"",""right_condition"":""chưa có chứng từ nghiệp vụ khác nào ghi nhận hoá đơn cho nó""}",flat,and,curated
CR-020S,"{""clause_text"":""chưa có chứng từ nghiệp vụ khác nào ghi nhận hoá đơn cho nó và Số hoá đơn khai thẳng trên chứng từ = rỗng."",""left_condition"":""chưa có chứng từ nghiệp vụ khác nào ghi nhận hoá đơn cho nó"",""right_condition"":""Số hoá đơn khai thẳng trên chứng từ = rỗng""}",flat,and,synthetic_checked
CR-020P,"{""clause_text"":""Số hoá đơn khai thẳng trên chứng từ = rỗng đồng thời chưa có chứng từ nghiệp vụ khác nào ghi nhận hoá đơn cho nó."",""left_condition"":""Số hoá đơn khai thẳng trên chứng từ = rỗng"",""right_condition"":""chưa có chứng từ nghiệp vụ khác nào ghi nhận hoá đơn cho nó""}",flat,and,synthetic_checked
CR-020F,"{""clause_text"":""Số hoá đơn khai thẳng trên chứng từ = rỗng hoặc chưa có chứng từ nghiệp vụ khác nào ghi nhận hoá đơn cho nó."",""left_condition"":""Số hoá đơn khai thẳng trên chứng từ = rỗng"",""right_condition"":""chưa có chứng từ nghiệp vụ khác nào ghi nhận hoá đơn cho nó""}",flat,or,synthetic_checked
CR-021,"{""clause_text"":""Tập kết quả = { chứng từ thoả BR-03 } giao với { Nhà cung cấp = giá trị đã chọn } giao với { Loại chứng từ = giá trị đã chọn } giao với { Ngày HT từ ≤ Ngày hạch toán ≤ đến ngày } giao với { khớp từ khoá trên Số chứng từ · Nhà cung cấp · Diễn giải }; tiêu chí để trống nghĩa là không giới hạn. Tiền chưa thuế tính theo loại chứng từ: Mua hàng hoá / Mua dịch vụ = Σ (Số lượng × Đơn giá − Tiền chiết khấu); Trả lại hàng mua = Σ (Số lượng trả × Đơn giá); Hàng mua giảm giá = Σ (Số lượng × Đơn giá), trong đó Đơn giá là số tiền giảm trên một đơn vị."",""left_condition"":""chứng từ thoả BR-03"",""right_condition"":""Nhà cung cấp = giá trị đã chọn""}",flat,and,curated
CR-021S,"{""clause_text"":""Nhà cung cấp = giá trị đã chọn và chứng từ thoả BR-03."",""left_condition"":""Nhà cung cấp = giá trị đã chọn"",""right_condition"":""chứng từ thoả BR-03""}",flat,and,synthetic_checked
CR-021P,"{""clause_text"":""chứng từ thoả BR-03 đồng thời Nhà cung cấp = giá trị đã chọn."",""left_condition"":""chứng từ thoả BR-03"",""right_condition"":""Nhà cung cấp = giá trị đã chọn""}",flat,and,synthetic_checked
CR-021F,"{""clause_text"":""chứng từ thoả BR-03 hoặc Nhà cung cấp = giá trị đã chọn."",""left_condition"":""chứng từ thoả BR-03"",""right_condition"":""Nhà cung cấp = giá trị đã chọn""}",flat,or,synthetic_checked
CR-022,"{""clause_text"":""Tập kết quả = { chứng từ thoả BR-03 } giao với { Nhà cung cấp = giá trị đã chọn } giao với { Loại chứng từ = giá trị đã chọn } giao với { Ngày HT từ ≤ Ngày hạch toán ≤ đến ngày } giao với { khớp từ khoá trên Số chứng từ · Nhà cung cấp · Diễn giải }; tiêu chí để trống nghĩa là không giới hạn. Tiền chưa thuế tính theo loại chứng từ: Mua hàng hoá / Mua dịch vụ = Σ (Số lượng × Đơn giá − Tiền chiết khấu); Trả lại hàng mua = Σ (Số lượng trả × Đơn giá); Hàng mua giảm giá = Σ (Số lượng × Đơn giá), trong đó Đơn giá là số tiền giảm trên một đơn vị."",""left_condition"":""Nhà cung cấp = giá trị đã chọn"",""right_condition"":""Loại chứng từ = giá trị đã chọn""}",flat,and,curated
CR-022S,"{""clause_text"":""Loại chứng từ = giá trị đã chọn và Nhà cung cấp = giá trị đã chọn."",""left_condition"":""Loại chứng từ = giá trị đã chọn"",""right_condition"":""Nhà cung cấp = giá trị đã chọn""}",flat,and,synthetic_checked
CR-022P,"{""clause_text"":""Nhà cung cấp = giá trị đã chọn đồng thời Loại chứng từ = giá trị đã chọn."",""left_condition"":""Nhà cung cấp = giá trị đã chọn"",""right_condition"":""Loại chứng từ = giá trị đã chọn""}",flat,and,synthetic_checked
CR-022F,"{""clause_text"":""Nhà cung cấp = giá trị đã chọn hoặc Loại chứng từ = giá trị đã chọn."",""left_condition"":""Nhà cung cấp = giá trị đã chọn"",""right_condition"":""Loại chứng từ = giá trị đã chọn""}",flat,or,synthetic_checked
CR-023,"{""clause_text"":""Tập kết quả = { chứng từ thoả BR-03 } giao với { Nhà cung cấp = giá trị đã chọn } giao với { Loại chứng từ = giá trị đã chọn } giao với { Ngày HT từ ≤ Ngày hạch toán ≤ đến ngày } giao với { khớp từ khoá trên Số chứng từ · Nhà cung cấp · Diễn giải }; tiêu chí để trống nghĩa là không giới hạn. Tiền chưa thuế tính theo loại chứng từ: Mua hàng hoá / Mua dịch vụ = Σ (Số lượng × Đơn giá − Tiền chiết khấu); Trả lại hàng mua = Σ (Số lượng trả × Đơn giá); Hàng mua giảm giá = Σ (Số lượng × Đơn giá), trong đó Đơn giá là số tiền giảm trên một đơn vị."",""left_condition"":""Loại chứng từ = giá trị đã chọn"",""right_condition"":""Ngày HT từ ≤ Ngày hạch toán ≤ đến ngày""}",flat,and,curated
CR-023S,"{""clause_text"":""Ngày HT từ ≤ Ngày hạch toán ≤ đến ngày và Loại chứng từ = giá trị đã chọn."",""left_condition"":""Ngày HT từ ≤ Ngày hạch toán ≤ đến ngày"",""right_condition"":""Loại chứng từ = giá trị đã chọn""}",flat,and,synthetic_checked
CR-023P,"{""clause_text"":""Loại chứng từ = giá trị đã chọn đồng thời Ngày HT từ ≤ Ngày hạch toán ≤ đến ngày."",""left_condition"":""Loại chứng từ = giá trị đã chọn"",""right_condition"":""Ngày HT từ ≤ Ngày hạch toán ≤ đến ngày""}",flat,and,synthetic_checked
CR-023F,"{""clause_text"":""Loại chứng từ = giá trị đã chọn hoặc Ngày HT từ ≤ Ngày hạch toán ≤ đến ngày."",""left_condition"":""Loại chứng từ = giá trị đã chọn"",""right_condition"":""Ngày HT từ ≤ Ngày hạch toán ≤ đến ngày""}",flat,or,synthetic_checked
CR-024,"{""clause_text"":""Tập kết quả = { chứng từ thoả BR-03 } giao với { Nhà cung cấp = giá trị đã chọn } giao với { Loại chứng từ = giá trị đã chọn } giao với { Ngày HT từ ≤ Ngày hạch toán ≤ đến ngày } giao với { khớp từ khoá trên Số chứng từ · Nhà cung cấp · Diễn giải }; tiêu chí để trống nghĩa là không giới hạn. Tiền chưa thuế tính theo loại chứng từ: Mua hàng hoá / Mua dịch vụ = Σ (Số lượng × Đơn giá − Tiền chiết khấu); Trả lại hàng mua = Σ (Số lượng trả × Đơn giá); Hàng mua giảm giá = Σ (Số lượng × Đơn giá), trong đó Đơn giá là số tiền giảm trên một đơn vị."",""left_condition"":""Ngày HT từ ≤ Ngày hạch toán ≤ đến ngày"",""right_condition"":""khớp từ khoá trên Số chứng từ · Nhà cung cấp · Diễn giải""}",flat,and,curated
CR-024S,"{""clause_text"":""khớp từ khoá trên Số chứng từ · Nhà cung cấp · Diễn giải và Ngày HT từ ≤ Ngày hạch toán ≤ đến ngày."",""left_condition"":""khớp từ khoá trên Số chứng từ · Nhà cung cấp · Diễn giải"",""right_condition"":""Ngày HT từ ≤ Ngày hạch toán ≤ đến ngày""}",flat,and,synthetic_checked
CR-024P,"{""clause_text"":""Ngày HT từ ≤ Ngày hạch toán ≤ đến ngày đồng thời khớp từ khoá trên Số chứng từ · Nhà cung cấp · Diễn giải."",""left_condition"":""Ngày HT từ ≤ Ngày hạch toán ≤ đến ngày"",""right_condition"":""khớp từ khoá trên Số chứng từ · Nhà cung cấp · Diễn giải""}",flat,and,synthetic_checked
CR-024F,"{""clause_text"":""Ngày HT từ ≤ Ngày hạch toán ≤ đến ngày hoặc khớp từ khoá trên Số chứng từ · Nhà cung cấp · Diễn giải."",""left_condition"":""Ngày HT từ ≤ Ngày hạch toán ≤ đến ngày"",""right_condition"":""khớp từ khoá trên Số chứng từ · Nhà cung cấp · Diễn giải""}",flat,or,synthetic_checked
CR-025,"{""clause_text"":""Ba điều kiện chặn cả Lưu nháp lẫn Lưu & Ghi sổ: đã chọn chứng từ gốc · đã nhập Ngày chứng từ và Ngày hạch toán · Ngày hạch toán không thuộc kỳ đã khoá sổ. Ba điều kiện chỉ chặn Lưu & Ghi sổ: mọi dòng hàng đã được gán về một tờ hoá đơn và tờ đó đủ Ký hiệu · Số hoá đơn · Ngày hoá đơn · mọi dòng có % thuế GTGT · Ngày hạch toán không lớn hơn ngày hiện tại. Điều kiện thông tin hoá đơn soi qua dòng hàng, nên tờ hoá đơn không có dòng hàng nào không tham gia điều kiện này. Điều kiện nào chưa đạt thì hệ thống nêu rõ điều kiện đó. Bộ điều kiện này là một nguồn duy nhất cho mọi đường ghi sổ loại chứng từ này: nút Lưu & Ghi sổ của chế độ Thêm và chế độ Chỉnh sửa, nút Ghi sổ của màn Xem chi tiết (BR-38) và thao tác Ghi sổ trên màn Hoá đơn — nên ba đường không thể nói khác nhau về cùng một chứng từ."",""left_condition"":""đã chọn chứng từ gốc"",""right_condition"":""đã nhập Ngày chứng từ và Ngày hạch toán""}",flat,and,curated
CR-025S,"{""clause_text"":""đã nhập Ngày chứng từ và Ngày hạch toán và đã chọn chứng từ gốc."",""left_condition"":""đã nhập Ngày chứng từ và Ngày hạch toán"",""right_condition"":""đã chọn chứng từ gốc""}",flat,and,synthetic_checked
CR-025P,"{""clause_text"":""đã chọn chứng từ gốc đồng thời đã nhập Ngày chứng từ và Ngày hạch toán."",""left_condition"":""đã chọn chứng từ gốc"",""right_condition"":""đã nhập Ngày chứng từ và Ngày hạch toán""}",flat,and,synthetic_checked
CR-025F,"{""clause_text"":""đã chọn chứng từ gốc hoặc đã nhập Ngày chứng từ và Ngày hạch toán."",""left_condition"":""đã chọn chứng từ gốc"",""right_condition"":""đã nhập Ngày chứng từ và Ngày hạch toán""}",flat,or,synthetic_checked
CR-026,"{""clause_text"":""Ba điều kiện chặn cả Lưu nháp lẫn Lưu & Ghi sổ: đã chọn chứng từ gốc · đã nhập Ngày chứng từ và Ngày hạch toán · Ngày hạch toán không thuộc kỳ đã khoá sổ. Ba điều kiện chỉ chặn Lưu & Ghi sổ: mọi dòng hàng đã được gán về một tờ hoá đơn và tờ đó đủ Ký hiệu · Số hoá đơn · Ngày hoá đơn · mọi dòng có % thuế GTGT · Ngày hạch toán không lớn hơn ngày hiện tại. Điều kiện thông tin hoá đơn soi qua dòng hàng, nên tờ hoá đơn không có dòng hàng nào không tham gia điều kiện này. Điều kiện nào chưa đạt thì hệ thống nêu rõ điều kiện đó. Bộ điều kiện này là một nguồn duy nhất cho mọi đường ghi sổ loại chứng từ này: nút Lưu & Ghi sổ của chế độ Thêm và chế độ Chỉnh sửa, nút Ghi sổ của màn Xem chi tiết (BR-38) và thao tác Ghi sổ trên màn Hoá đơn — nên ba đường không thể nói khác nhau về cùng một chứng từ."",""left_condition"":""đã nhập Ngày chứng từ và Ngày hạch toán"",""right_condition"":""Ngày hạch toán không thuộc kỳ đã khoá sổ""}",flat,and,curated
CR-026S,"{""clause_text"":""Ngày hạch toán không thuộc kỳ đã khoá sổ và đã nhập Ngày chứng từ và Ngày hạch toán."",""left_condition"":""Ngày hạch toán không thuộc kỳ đã khoá sổ"",""right_condition"":""đã nhập Ngày chứng từ và Ngày hạch toán""}",flat,and,synthetic_checked
CR-026P,"{""clause_text"":""đã nhập Ngày chứng từ và Ngày hạch toán đồng thời Ngày hạch toán không thuộc kỳ đã khoá sổ."",""left_condition"":""đã nhập Ngày chứng từ và Ngày hạch toán"",""right_condition"":""Ngày hạch toán không thuộc kỳ đã khoá sổ""}",flat,and,synthetic_checked
CR-026F,"{""clause_text"":""đã nhập Ngày chứng từ và Ngày hạch toán hoặc Ngày hạch toán không thuộc kỳ đã khoá sổ."",""left_condition"":""đã nhập Ngày chứng từ và Ngày hạch toán"",""right_condition"":""Ngày hạch toán không thuộc kỳ đã khoá sổ""}",flat,or,synthetic_checked
CR-027,"{""clause_text"":""Ba điều kiện chặn cả Lưu nháp lẫn Lưu & Ghi sổ: đã chọn chứng từ gốc · đã nhập Ngày chứng từ và Ngày hạch toán · Ngày hạch toán không thuộc kỳ đã khoá sổ. Ba điều kiện chỉ chặn Lưu & Ghi sổ: mọi dòng hàng đã được gán về một tờ hoá đơn và tờ đó đủ Ký hiệu · Số hoá đơn · Ngày hoá đơn · mọi dòng có % thuế GTGT · Ngày hạch toán không lớn hơn ngày hiện tại. Điều kiện thông tin hoá đơn soi qua dòng hàng, nên tờ hoá đơn không có dòng hàng nào không tham gia điều kiện này. Điều kiện nào chưa đạt thì hệ thống nêu rõ điều kiện đó. Bộ điều kiện này là một nguồn duy nhất cho mọi đường ghi sổ loại chứng từ này: nút Lưu & Ghi sổ của chế độ Thêm và chế độ Chỉnh sửa, nút Ghi sổ của màn Xem chi tiết (BR-38) và thao tác Ghi sổ trên màn Hoá đơn — nên ba đường không thể nói khác nhau về cùng một chứng từ."",""left_condition"":""mọi dòng hàng đã được gán về một tờ hoá đơn"",""right_condition"":""tờ đó đủ Ký hiệu · Số hoá đơn · Ngày hoá đơn""}",flat,and,curated
CR-027S,"{""clause_text"":""tờ đó đủ Ký hiệu · Số hoá đơn · Ngày hoá đơn và mọi dòng hàng đã được gán về một tờ hoá đơn."",""left_condition"":""tờ đó đủ Ký hiệu · Số hoá đơn · Ngày hoá đơn"",""right_condition"":""mọi dòng hàng đã được gán về một tờ hoá đơn""}",flat,and,synthetic_checked
CR-027P,"{""clause_text"":""mọi dòng hàng đã được gán về một tờ hoá đơn đồng thời tờ đó đủ Ký hiệu · Số hoá đơn · Ngày hoá đơn."",""left_condition"":""mọi dòng hàng đã được gán về một tờ hoá đơn"",""right_condition"":""tờ đó đủ Ký hiệu · Số hoá đơn · Ngày hoá đơn""}",flat,and,synthetic_checked
CR-027F,"{""clause_text"":""mọi dòng hàng đã được gán về một tờ hoá đơn hoặc tờ đó đủ Ký hiệu · Số hoá đơn · Ngày hoá đơn."",""left_condition"":""mọi dòng hàng đã được gán về một tờ hoá đơn"",""right_condition"":""tờ đó đủ Ký hiệu · Số hoá đơn · Ngày hoá đơn""}",flat,or,synthetic_checked
CR-028,"{""clause_text"":""Ba điều kiện chặn cả Lưu nháp lẫn Lưu & Ghi sổ: đã chọn chứng từ gốc · đã nhập Ngày chứng từ và Ngày hạch toán · Ngày hạch toán không thuộc kỳ đã khoá sổ. Ba điều kiện chỉ chặn Lưu & Ghi sổ: mọi dòng hàng đã được gán về một tờ hoá đơn và tờ đó đủ Ký hiệu · Số hoá đơn · Ngày hoá đơn · mọi dòng có % thuế GTGT · Ngày hạch toán không lớn hơn ngày hiện tại. Điều kiện thông tin hoá đơn soi qua dòng hàng, nên tờ hoá đơn không có dòng hàng nào không tham gia điều kiện này. Điều kiện nào chưa đạt thì hệ thống nêu rõ điều kiện đó. Bộ điều kiện này là một nguồn duy nhất cho mọi đường ghi sổ loại chứng từ này: nút Lưu & Ghi sổ của chế độ Thêm và chế độ Chỉnh sửa, nút Ghi sổ của màn Xem chi tiết (BR-38) và thao tác Ghi sổ trên màn Hoá đơn — nên ba đường không thể nói khác nhau về cùng một chứng từ."",""left_condition"":""mọi dòng có % thuế GTGT"",""right_condition"":""Ngày hạch toán không lớn hơn ngày hiện tại""}",flat,and,curated
CR-028S,"{""clause_text"":""Ngày hạch toán không lớn hơn ngày hiện tại và mọi dòng có % thuế GTGT."",""left_condition"":""Ngày hạch toán không lớn hơn ngày hiện tại"",""right_condition"":""mọi dòng có % thuế GTGT""}",flat,and,synthetic_checked
CR-028P,"{""clause_text"":""mọi dòng có % thuế GTGT đồng thời Ngày hạch toán không lớn hơn ngày hiện tại."",""left_condition"":""mọi dòng có % thuế GTGT"",""right_condition"":""Ngày hạch toán không lớn hơn ngày hiện tại""}",flat,and,synthetic_checked
CR-028F,"{""clause_text"":""mọi dòng có % thuế GTGT hoặc Ngày hạch toán không lớn hơn ngày hiện tại."",""left_condition"":""mọi dòng có % thuế GTGT"",""right_condition"":""Ngày hạch toán không lớn hơn ngày hiện tại""}",flat,or,synthetic_checked
CR-029,"{""clause_text"":""Ký hiệu · Số hoá đơn · Ngày hoá đơn là trường bắt buộc của mỗi tờ hoá đơn có dòng hàng; thiếu một trong ba thì không ghi sổ được (BR-15). Mẫu số mang giá trị điền sẵn 1 và sửa được. Ngày hoá đơn còn trống thì hệ thống điền sẵn theo Ngày chứng từ của chứng từ nghiệp vụ khác, người dùng sửa lại được. Khi lưu, tờ hoá đơn chưa có Số hoá đơn không được ghi nhận thành hoá đơn của chứng từ nên không sinh dòng nào trên danh sách hoá đơn. Bộ bốn trường này là căn cứ để hoá đơn lên Bảng kê mua vào."",""left_condition"":""Ký hiệu"",""right_condition"":""Số hoá đơn""}",flat,and,curated
CR-029S,"{""clause_text"":""Số hoá đơn và Ký hiệu."",""left_condition"":""Số hoá đơn"",""right_condition"":""Ký hiệu""}",flat,and,synthetic_checked
CR-029P,"{""clause_text"":""Ký hiệu đồng thời Số hoá đơn."",""left_condition"":""Ký hiệu"",""right_condition"":""Số hoá đơn""}",flat,and,synthetic_checked
CR-029F,"{""clause_text"":""Ký hiệu hoặc Số hoá đơn."",""left_condition"":""Ký hiệu"",""right_condition"":""Số hoá đơn""}",flat,or,synthetic_checked
CR-030,"{""clause_text"":""Ký hiệu · Số hoá đơn · Ngày hoá đơn là trường bắt buộc của mỗi tờ hoá đơn có dòng hàng; thiếu một trong ba thì không ghi sổ được (BR-15). Mẫu số mang giá trị điền sẵn 1 và sửa được. Ngày hoá đơn còn trống thì hệ thống điền sẵn theo Ngày chứng từ của chứng từ nghiệp vụ khác, người dùng sửa lại được. Khi lưu, tờ hoá đơn chưa có Số hoá đơn không được ghi nhận thành hoá đơn của chứng từ nên không sinh dòng nào trên danh sách hoá đơn. Bộ bốn trường này là căn cứ để hoá đơn lên Bảng kê mua vào."",""left_condition"":""Số hoá đơn"",""right_condition"":""Ngày hoá đơn""}",flat,and,curated
CR-030S,"{""clause_text"":""Ngày hoá đơn và Số hoá đơn."",""left_condition"":""Ngày hoá đơn"",""right_condition"":""Số hoá đơn""}",flat,and,synthetic_checked
CR-030P,"{""clause_text"":""Số hoá đơn đồng thời Ngày hoá đơn."",""left_condition"":""Số hoá đơn"",""right_condition"":""Ngày hoá đơn""}",flat,and,synthetic_checked
CR-030F,"{""clause_text"":""Số hoá đơn hoặc Ngày hoá đơn."",""left_condition"":""Số hoá đơn"",""right_condition"":""Ngày hoá đơn""}",flat,or,synthetic_checked
CR-031,"{""clause_text"":""Một màn phục vụ ba chế độ. Thêm: lập chứng từ nghiệp vụ khác mới, chọn và đổi được chứng từ gốc. Xem chi tiết: luôn mở được với mọi chứng từ đã lưu; dựng lại đúng dữ liệu đã lưu, dòng hàng đọc lại từ chứng từ gốc; toàn màn chỉ đọc. Chỉnh sửa: chỉ mở được khi chứng từ ở trạng thái Chưa ghi sổ và Ngày hạch toán không thuộc kỳ đã khoá sổ — chứng từ đã ghi sổ phải Bỏ ghi sổ trước, vì đổi nội dung chứng từ đã ghi sổ là đổi bút toán đã vào sổ. Chế độ Chỉnh sửa đổi được chứng từ gốc: chứng từ gốc là căn cứ của toàn bộ dòng hàng và của bút toán, nên còn sửa được chứng từ thì còn đổi được căn cứ ấy; đổi xong thì dòng hàng dựng lại theo chứng từ mới, và chứng từ gốc cũ quay lại danh sách chờ thêm hoá đơn nếu vẫn thoả BR-03. Lưu thì ghi đè đúng chứng từ đang sửa, giữ nguyên số chứng từ, không tiêu thêm số của dải; điều kiện lưu và ghi sổ như chế độ Thêm (BR-15). Thao tác không thực hiện được thì hệ thống nêu lý do. Cách xác định kỳ đã khoá tham chiếu Tài liệu Quy định chung về mở sổ và khoá kỳ kế toán."",""left_condition"":""chứng từ ở trạng thái Chưa ghi sổ"",""right_condition"":""Ngày hạch toán không thuộc kỳ đã khoá sổ""}",flat,and,curated
CR-031S,"{""clause_text"":""Ngày hạch toán không thuộc kỳ đã khoá sổ và chứng từ ở trạng thái Chưa ghi sổ."",""left_condition"":""Ngày hạch toán không thuộc kỳ đã khoá sổ"",""right_condition"":""chứng từ ở trạng thái Chưa ghi sổ""}",flat,and,synthetic_checked
CR-031P,"{""clause_text"":""chứng từ ở trạng thái Chưa ghi sổ đồng thời Ngày hạch toán không thuộc kỳ đã khoá sổ."",""left_condition"":""chứng từ ở trạng thái Chưa ghi sổ"",""right_condition"":""Ngày hạch toán không thuộc kỳ đã khoá sổ""}",flat,and,synthetic_checked
CR-031F,"{""clause_text"":""chứng từ ở trạng thái Chưa ghi sổ hoặc Ngày hạch toán không thuộc kỳ đã khoá sổ."",""left_condition"":""chứng từ ở trạng thái Chưa ghi sổ"",""right_condition"":""Ngày hạch toán không thuộc kỳ đã khoá sổ""}",flat,or,synthetic_checked
CR-032,"{""clause_text"":""Xoá chỉ thực hiện được khi chứng từ ở trạng thái Chưa ghi sổ và Ngày hạch toán không thuộc kỳ đã khoá sổ; phải qua bước xác nhận và không hoàn tác. Xoá thì chứng từ cùng toàn bộ hoá đơn nó giữ bị gỡ khỏi hệ thống, nên những dòng hoá đơn của nó rời khỏi danh sách hoá đơn; vì chứng từ chưa ghi sổ nên không có bút toán nào phải gỡ. Chứng từ gốc quay lại danh sách chờ thêm hoá đơn nếu vẫn thoả BR-03, để người dùng khai lại hoá đơn qua một lượt Thêm mới. Không có thao tác Nhân bản."",""left_condition"":""chứng từ ở trạng thái Chưa ghi sổ"",""right_condition"":""Ngày hạch toán không thuộc kỳ đã khoá sổ""}",flat,and,curated
CR-032S,"{""clause_text"":""Ngày hạch toán không thuộc kỳ đã khoá sổ và chứng từ ở trạng thái Chưa ghi sổ."",""left_condition"":""Ngày hạch toán không thuộc kỳ đã khoá sổ"",""right_condition"":""chứng từ ở trạng thái Chưa ghi sổ""}",flat,and,synthetic_checked
CR-032P,"{""clause_text"":""chứng từ ở trạng thái Chưa ghi sổ đồng thời Ngày hạch toán không thuộc kỳ đã khoá sổ."",""left_condition"":""chứng từ ở trạng thái Chưa ghi sổ"",""right_condition"":""Ngày hạch toán không thuộc kỳ đã khoá sổ""}",flat,and,synthetic_checked
CR-032F,"{""clause_text"":""chứng từ ở trạng thái Chưa ghi sổ hoặc Ngày hạch toán không thuộc kỳ đã khoá sổ."",""left_condition"":""chứng từ ở trạng thái Chưa ghi sổ"",""right_condition"":""Ngày hạch toán không thuộc kỳ đã khoá sổ""}",flat,or,synthetic_checked
CR-033,"{""clause_text"":""Người tạo việc chỉ chọn được 1 trong 2: hoặc 1 cá nhân, hoặc 1 bộ phận. Không cho phép chọn đồng thời cả cá nhân và bộ phận, không cho phép chọn nhiều cá nhân hoặc nhiều bộ phận."",""left_condition"":""1 cá nhân"",""right_condition"":""1 bộ phận""}",flat,or,curated
CR-033S,"{""clause_text"":""1 bộ phận hoặc 1 cá nhân."",""left_condition"":""1 bộ phận"",""right_condition"":""1 cá nhân""}",flat,or,synthetic_checked
CR-033P,"{""clause_text"":""1 cá nhân hoặc 1 bộ phận."",""left_condition"":""1 cá nhân"",""right_condition"":""1 bộ phận""}",flat,or,synthetic_checked
CR-033F,"{""clause_text"":""1 cá nhân và 1 bộ phận."",""left_condition"":""1 cá nhân"",""right_condition"":""1 bộ phận""}",flat,and,synthetic_checked
CR-034,"{""clause_text"":""Danh sách cá nhân hiển thị bao gồm toàn bộ người dùng đã được khai báo trên SalesGO và đang ở trạng thái hoạt động. Mặc định khi mở tab Cá nhân, hiển thị gợi ý là danh sách cá nhân cùng bộ phận với người tạo việc."",""left_condition"":""đã được khai báo trên SalesGO"",""right_condition"":""đang ở trạng thái hoạt động""}",flat,and,curated
CR-034S,"{""clause_text"":""đang ở trạng thái hoạt động và đã được khai báo trên SalesGO."",""left_condition"":""đang ở trạng thái hoạt động"",""right_condition"":""đã được khai báo trên SalesGO""}",flat,and,synthetic_checked
CR-034P,"{""clause_text"":""đã được khai báo trên SalesGO đồng thời đang ở trạng thái hoạt động."",""left_condition"":""đã được khai báo trên SalesGO"",""right_condition"":""đang ở trạng thái hoạt động""}",flat,and,synthetic_checked
CR-034F,"{""clause_text"":""đã được khai báo trên SalesGO hoặc đang ở trạng thái hoạt động."",""left_condition"":""đã được khai báo trên SalesGO"",""right_condition"":""đang ở trạng thái hoạt động""}",flat,or,synthetic_checked
CR-035,"{""clause_text"":""Danh sách bộ phận hiển thị bao gồm toàn bộ bộ phận đã được khai báo trên SalesGO và đang ở trạng thái hoạt động. Mặc định khi mở tab Bộ phận, hiển thị gợi ý là bộ phận của người tạo việc và các bộ phận mà người tạo việc phụ trách."",""left_condition"":""đã được khai báo trên SalesGO"",""right_condition"":""đang ở trạng thái hoạt động""}",flat,and,curated
CR-035S,"{""clause_text"":""đang ở trạng thái hoạt động và đã được khai báo trên SalesGO."",""left_condition"":""đang ở trạng thái hoạt động"",""right_condition"":""đã được khai báo trên SalesGO""}",flat,and,synthetic_checked
CR-035P,"{""clause_text"":""đã được khai báo trên SalesGO đồng thời đang ở trạng thái hoạt động."",""left_condition"":""đã được khai báo trên SalesGO"",""right_condition"":""đang ở trạng thái hoạt động""}",flat,and,synthetic_checked
CR-035F,"{""clause_text"":""đã được khai báo trên SalesGO hoặc đang ở trạng thái hoạt động."",""left_condition"":""đã được khai báo trên SalesGO"",""right_condition"":""đang ở trạng thái hoạt động""}",flat,or,synthetic_checked
CR-036,"{""clause_text"":""Khi người dùng xác nhận tạo việc, toàn bộ field bắt buộc ở phần khởi tạo và trong template của Loại công việc đã chọn phải được nhập/chọn đầy đủ và hợp lệ. Hệ thống hiển thị thông báo lỗi tại field tương ứng và không gửi yêu cầu tạo task sang Task Hub nếu chưa hợp lệ."",""left_condition"":""field bắt buộc ở phần khởi tạo"",""right_condition"":""trong template của Loại công việc đã chọn""}",flat,and,curated
CR-036S,"{""clause_text"":""trong template của Loại công việc đã chọn và field bắt buộc ở phần khởi tạo."",""left_condition"":""trong template của Loại công việc đã chọn"",""right_condition"":""field bắt buộc ở phần khởi tạo""}",flat,and,synthetic_checked
CR-036P,"{""clause_text"":""field bắt buộc ở phần khởi tạo đồng thời trong template của Loại công việc đã chọn."",""left_condition"":""field bắt buộc ở phần khởi tạo"",""right_condition"":""trong template của Loại công việc đã chọn""}",flat,and,synthetic_checked
CR-036F,"{""clause_text"":""field bắt buộc ở phần khởi tạo hoặc trong template của Loại công việc đã chọn."",""left_condition"":""field bắt buộc ở phần khởi tạo"",""right_condition"":""trong template của Loại công việc đã chọn""}",flat,or,synthetic_checked
CR-037,"{""clause_text"":""Khi người dùng xác nhận tạo việc, toàn bộ field bắt buộc ở phần khởi tạo và trong template của Loại công việc đã chọn phải được nhập/chọn đầy đủ và hợp lệ. Hệ thống hiển thị thông báo lỗi tại field tương ứng và không gửi yêu cầu tạo task sang Task Hub nếu chưa hợp lệ."",""left_condition"":""được nhập/chọn đầy đủ"",""right_condition"":""hợp lệ""}",flat,and,curated
CR-037S,"{""clause_text"":""hợp lệ và được nhập/chọn đầy đủ."",""left_condition"":""hợp lệ"",""right_condition"":""được nhập/chọn đầy đủ""}",flat,and,synthetic_checked
CR-037P,"{""clause_text"":""được nhập/chọn đầy đủ đồng thời hợp lệ."",""left_condition"":""được nhập/chọn đầy đủ"",""right_condition"":""hợp lệ""}",flat,and,synthetic_checked
CR-037F,"{""clause_text"":""được nhập/chọn đầy đủ hoặc hợp lệ."",""left_condition"":""được nhập/chọn đầy đủ"",""right_condition"":""hợp lệ""}",flat,or,synthetic_checked
CR-038,"{""clause_text"":""Số Ví VNPAY cần được định danh, xác thực sinh trắc học và liên kết tài khoản ngân hàng"",""left_condition"":""được định danh"",""right_condition"":""xác thực sinh trắc học""}",flat,and,curated
CR-038S,"{""clause_text"":""xác thực sinh trắc học và được định danh."",""left_condition"":""xác thực sinh trắc học"",""right_condition"":""được định danh""}",flat,and,synthetic_checked
CR-038P,"{""clause_text"":""được định danh đồng thời xác thực sinh trắc học."",""left_condition"":""được định danh"",""right_condition"":""xác thực sinh trắc học""}",flat,and,synthetic_checked
CR-038F,"{""clause_text"":""được định danh hoặc xác thực sinh trắc học."",""left_condition"":""được định danh"",""right_condition"":""xác thực sinh trắc học""}",flat,or,synthetic_checked
CR-039,"{""clause_text"":""Số Ví VNPAY cần được định danh, xác thực sinh trắc học và liên kết tài khoản ngân hàng"",""left_condition"":""xác thực sinh trắc học"",""right_condition"":""liên kết tài khoản ngân hàng""}",flat,and,curated
CR-039S,"{""clause_text"":""liên kết tài khoản ngân hàng và xác thực sinh trắc học."",""left_condition"":""liên kết tài khoản ngân hàng"",""right_condition"":""xác thực sinh trắc học""}",flat,and,synthetic_checked
CR-039P,"{""clause_text"":""xác thực sinh trắc học đồng thời liên kết tài khoản ngân hàng."",""left_condition"":""xác thực sinh trắc học"",""right_condition"":""liên kết tài khoản ngân hàng""}",flat,and,synthetic_checked
CR-039F,"{""clause_text"":""xác thực sinh trắc học hoặc liên kết tài khoản ngân hàng."",""left_condition"":""xác thực sinh trắc học"",""right_condition"":""liên kết tài khoản ngân hàng""}",flat,or,synthetic_checked
CR-040,"{""clause_text"":""Số Ví VNPAY tồn tại và ở trạng thái hoạt động"",""left_condition"":""tồn tại"",""right_condition"":""ở trạng thái hoạt động""}",flat,and,curated
CR-040S,"{""clause_text"":""ở trạng thái hoạt động và tồn tại."",""left_condition"":""ở trạng thái hoạt động"",""right_condition"":""tồn tại""}",flat,and,synthetic_checked
CR-040P,"{""clause_text"":""tồn tại đồng thời ở trạng thái hoạt động."",""left_condition"":""tồn tại"",""right_condition"":""ở trạng thái hoạt động""}",flat,and,synthetic_checked
CR-040F,"{""clause_text"":""tồn tại hoặc ở trạng thái hoạt động."",""left_condition"":""tồn tại"",""right_condition"":""ở trạng thái hoạt động""}",flat,or,synthetic_checked
CR-041,"{""clause_text"":""Liên kết ngân hàng với Ví VNPAY ở trạng thái hoạt động và có hỗ trợ rút tiền về Ngân hàng liên kết"",""left_condition"":""ở trạng thái hoạt động"",""right_condition"":""có hỗ trợ rút tiền về Ngân hàng liên kết""}",flat,and,curated
CR-041S,"{""clause_text"":""có hỗ trợ rút tiền về Ngân hàng liên kết và ở trạng thái hoạt động."",""left_condition"":""có hỗ trợ rút tiền về Ngân hàng liên kết"",""right_condition"":""ở trạng thái hoạt động""}",flat,and,synthetic_checked
CR-041P,"{""clause_text"":""ở trạng thái hoạt động đồng thời có hỗ trợ rút tiền về Ngân hàng liên kết."",""left_condition"":""ở trạng thái hoạt động"",""right_condition"":""có hỗ trợ rút tiền về Ngân hàng liên kết""}",flat,and,synthetic_checked
CR-041F,"{""clause_text"":""ở trạng thái hoạt động hoặc có hỗ trợ rút tiền về Ngân hàng liên kết."",""left_condition"":""ở trạng thái hoạt động"",""right_condition"":""có hỗ trợ rút tiền về Ngân hàng liên kết""}",flat,or,synthetic_checked
CR-042,"{""clause_text"":""Tài khoản tiết kiệm có kỳ hạn mở tại quầy/ mở trực tuyến được dùng làm TSBĐ:; - mã sản phẩm tiết kiệm hợp lệ (tham số động mã sản phẩm); - loại tiền VND; - không bị chặn ghi nợ, không đồng sở hữu, không bị lien/lost/blocked,; - Không bị hạn chế quyền quyền sở hữu, chuyển nhượng, không thuộc diện đang bảo đảm cho nghĩa vụ của KH và/hoặc bên thứ ba tại VCB và/hoặc các tổ chức tín dụng khác; - trạng thái tài khoản hợp lệ, không thuộc các trạng thái:- Tài khoản chung; - Tài khoản chỉ ghi có; - Tài khoản bị tạm khoá/ phong toả; - Tài khoản mở thông qua người giám hộ, người đại diện theo pháp luật"",""left_condition"":""không đồng sở hữu"",""right_condition"":""không bị lien/lost/blocked""}",flat,and,curated
CR-042S,"{""clause_text"":""không bị lien/lost/blocked và không đồng sở hữu."",""left_condition"":""không bị lien/lost/blocked"",""right_condition"":""không đồng sở hữu""}",flat,and,synthetic_checked
CR-042P,"{""clause_text"":""không đồng sở hữu đồng thời không bị lien/lost/blocked."",""left_condition"":""không đồng sở hữu"",""right_condition"":""không bị lien/lost/blocked""}",flat,and,synthetic_checked
CR-042F,"{""clause_text"":""không đồng sở hữu hoặc không bị lien/lost/blocked."",""left_condition"":""không đồng sở hữu"",""right_condition"":""không bị lien/lost/blocked""}",flat,or,synthetic_checked
CR-043,"{""clause_text"":""Tax Code khi cập nhật phải đúng định dạng 10 hoặc 13 chữ số. Nếu có MST bắt buộc phải có Tên và Địa chỉ"",""left_condition"":""có Tên"",""right_condition"":""Địa chỉ""}",flat,and,curated
CR-043S,"{""clause_text"":""Địa chỉ và có Tên."",""left_condition"":""Địa chỉ"",""right_condition"":""có Tên""}",flat,and,synthetic_checked
CR-043P,"{""clause_text"":""có Tên đồng thời Địa chỉ."",""left_condition"":""có Tên"",""right_condition"":""Địa chỉ""}",flat,and,synthetic_checked
CR-043F,"{""clause_text"":""có Tên hoặc Địa chỉ."",""left_condition"":""có Tên"",""right_condition"":""Địa chỉ""}",flat,or,synthetic_checked
CR-044,"{""clause_text"":""Ngày lập hóa đơn thay thế phải thỏa đồng thời: (1) >= ngày hóa đơn gốc. (2) <= ngày hiện tại. (3) >= T-1"",""left_condition"":"">= ngày hóa đơn gốc"",""right_condition"":""<= ngày hiện tại""}",flat,and,curated
CR-044S,"{""clause_text"":""<= ngày hiện tại và >= ngày hóa đơn gốc."",""left_condition"":""<= ngày hiện tại"",""right_condition"":"">= ngày hóa đơn gốc""}",flat,and,synthetic_checked
CR-044P,"{""clause_text"":"">= ngày hóa đơn gốc đồng thời <= ngày hiện tại."",""left_condition"":"">= ngày hóa đơn gốc"",""right_condition"":""<= ngày hiện tại""}",flat,and,synthetic_checked
CR-044F,"{""clause_text"":"">= ngày hóa đơn gốc hoặc <= ngày hiện tại."",""left_condition"":"">= ngày hóa đơn gốc"",""right_condition"":""<= ngày hiện tại""}",flat,or,synthetic_checked
CR-045,"{""clause_text"":""Ngày lập hóa đơn thay thế phải thỏa đồng thời: (1) >= ngày hóa đơn gốc. (2) <= ngày hiện tại. (3) >= T-1"",""left_condition"":""<= ngày hiện tại"",""right_condition"":"">= T-1""}",flat,and,curated
CR-045S,"{""clause_text"":"">= T-1 và <= ngày hiện tại."",""left_condition"":"">= T-1"",""right_condition"":""<= ngày hiện tại""}",flat,and,synthetic_checked
CR-045P,"{""clause_text"":""<= ngày hiện tại đồng thời >= T-1."",""left_condition"":""<= ngày hiện tại"",""right_condition"":"">= T-1""}",flat,and,synthetic_checked
CR-045F,"{""clause_text"":""<= ngày hiện tại hoặc >= T-1."",""left_condition"":""<= ngày hiện tại"",""right_condition"":"">= T-1""}",flat,or,synthetic_checked
CR-U001,"{""clause_text"":""Tài liệu nhắc tới hai điều kiện: có trạng thái hoạt động; không bị khóa ghi nợ. Chưa nêu cách kết hợp hai điều kiện này."",""left_condition"":""có trạng thái hoạt động"",""right_condition"":""không bị khóa ghi nợ""}",flat,insufficient_evidence,synthetic_checked
CR-U002,"{""clause_text"":""Tài liệu nhắc tới hai điều kiện: không bị khóa ghi nợ; không đồng sở hữu. Chưa nêu cách kết hợp hai điều kiện này."",""left_condition"":""không bị khóa ghi nợ"",""right_condition"":""không đồng sở hữu""}",flat,insufficient_evidence,synthetic_checked
CR-U003,"{""clause_text"":""Tài liệu nhắc tới hai điều kiện: không đồng sở hữu; không có người giám hộ. Chưa nêu cách kết hợp hai điều kiện này."",""left_condition"":""không đồng sở hữu"",""right_condition"":""không có người giám hộ""}",flat,insufficient_evidence,synthetic_checked
CR-U004,"{""clause_text"":""Tài liệu nhắc tới hai điều kiện: có trạng thái hoạt động; không bị khóa ghi có. Chưa nêu cách kết hợp hai điều kiện này."",""left_condition"":""có trạng thái hoạt động"",""right_condition"":""không bị khóa ghi có""}",flat,insufficient_evidence,synthetic_checked
CR-U005,"{""clause_text"":""Tài liệu nhắc tới hai điều kiện: không bị khóa ghi có; không đồng sở hữu. Chưa nêu cách kết hợp hai điều kiện này."",""left_condition"":""không bị khóa ghi có"",""right_condition"":""không đồng sở hữu""}",flat,insufficient_evidence,synthetic_checked
CR-U006,"{""clause_text"":""Tài liệu nhắc tới hai điều kiện: không đồng sở hữu; không có người giám hộ. Chưa nêu cách kết hợp hai điều kiện này."",""left_condition"":""không đồng sở hữu"",""right_condition"":""không có người giám hộ""}",flat,insufficient_evidence,synthetic_checked
CR-U007,"{""clause_text"":""Tài liệu nhắc tới hai điều kiện: có CCCD/Thẻ căn cước 12 số; còn hạn sử dụng tính đến ngày đăng ký. Chưa nêu cách kết hợp hai điều kiện này."",""left_condition"":""có CCCD/Thẻ căn cước 12 số"",""right_condition"":""còn hạn sử dụng tính đến ngày đăng ký""}",flat,insufficient_evidence,synthetic_checked
CR-U008,"{""clause_text"":""Tài liệu nhắc tới hai điều kiện: đã thu thập STH; được xác thực bởi cơ quan có thẩm quyền (C06). Chưa nêu cách kết hợp hai điều kiện này."",""left_condition"":""đã thu thập STH"",""right_condition"":""được xác thực bởi cơ quan có thẩm quyền (C06)""}",flat,insufficient_evidence,synthetic_checked
CR-U009,"{""clause_text"":""Tài liệu nhắc tới hai điều kiện: KH chưa có thẻ tín dụng; đã có thẻ tín dụng nhưng tất cả đã hết hiệu lực. Chưa nêu cách kết hợp hai điều kiện này."",""left_condition"":""KH chưa có thẻ tín dụng"",""right_condition"":""đã có thẻ tín dụng nhưng tất cả đã hết hiệu lực""}",flat,insufficient_evidence,synthetic_checked
CR-U010,"{""clause_text"":""Tài liệu nhắc tới hai điều kiện: tất cả đã hết hiệu lực (trạng thái thẻ tham số động); toàn bộ dư nợ <= 0. Chưa nêu cách kết hợp hai điều kiện này."",""left_condition"":""tất cả đã hết hiệu lực (trạng thái thẻ tham số động)"",""right_condition"":""toàn bộ dư nợ <= 0""}",flat,insufficient_evidence,synthetic_checked
CR-U011,"{""clause_text"":""Tài liệu nhắc tới hai điều kiện: Loại = Thanh toán; ruleDebit = 1. Chưa nêu cách kết hợp hai điều kiện này."",""left_condition"":""Loại = Thanh toán"",""right_condition"":""ruleDebit = 1""}",flat,insufficient_evidence,synthetic_checked
CR-U012,"{""clause_text"":""Tài liệu nhắc tới hai điều kiện: ruleDebit = 1; ccy = VND. Chưa nêu cách kết hợp hai điều kiện này."",""left_condition"":""ruleDebit = 1"",""right_condition"":""ccy = VND""}",flat,insufficient_evidence,synthetic_checked
CR-U013,"{""clause_text"":""Tài liệu nhắc tới hai điều kiện: ccy = VND; đúng Mã dịch vụ Phong tỏa TK. Chưa nêu cách kết hợp hai điều kiện này."",""left_condition"":""ccy = VND"",""right_condition"":""đúng Mã dịch vụ Phong tỏa TK""}",flat,insufficient_evidence,synthetic_checked
CR-U014,"{""clause_text"":""Tài liệu nhắc tới hai điều kiện: không bị chặn ghi nợ; không đồng sở hữu. Chưa nêu cách kết hợp hai điều kiện này."",""left_condition"":""không bị chặn ghi nợ"",""right_condition"":""không đồng sở hữu""}",flat,insufficient_evidence,synthetic_checked
CR-U015,"{""clause_text"":""Tài liệu nhắc tới hai điều kiện: TK CKH không quay vòng (autoRenewalCode = 2 hoặc 0); TK tích lũy. Chưa nêu cách kết hợp hai điều kiện này."",""left_condition"":""TK CKH không quay vòng (autoRenewalCode = 2 hoặc 0)"",""right_condition"":""TK tích lũy""}",flat,insufficient_evidence,synthetic_checked
CR-U016,"{""clause_text"":""Tài liệu nhắc tới hai điều kiện: > ngày hiện tại; < ngày đến hạn. Chưa nêu cách kết hợp hai điều kiện này."",""left_condition"":""> ngày hiện tại"",""right_condition"":""< ngày đến hạn""}",flat,insufficient_evidence,synthetic_checked
CR-U017,"{""clause_text"":""Tài liệu nhắc tới hai điều kiện: TK thu phí ≠ TK phong tỏa; phí = 0. Chưa nêu cách kết hợp hai điều kiện này."",""left_condition"":""TK thu phí ≠ TK phong tỏa"",""right_condition"":""phí = 0""}",flat,insufficient_evidence,synthetic_checked
CR-U018,"{""clause_text"":""Tài liệu nhắc tới hai điều kiện: Trạng thái = Đã ghi sổ; Tuỳ chọn hoá đơn ≠ \""Không có hoá đơn\"". Chưa nêu cách kết hợp hai điều kiện này."",""left_condition"":""Trạng thái = Đã ghi sổ"",""right_condition"":""Tuỳ chọn hoá đơn ≠ \""Không có hoá đơn\""""}",flat,insufficient_evidence,synthetic_checked
CR-U019,"{""clause_text"":""Tài liệu nhắc tới hai điều kiện: Tuỳ chọn hoá đơn ≠ \""Không có hoá đơn\""; Số hoá đơn khai thẳng trên chứng từ = rỗng. Chưa nêu cách kết hợp hai điều kiện này."",""left_condition"":""Tuỳ chọn hoá đơn ≠ \""Không có hoá đơn\"""",""right_condition"":""Số hoá đơn khai thẳng trên chứng từ = rỗng""}",flat,insufficient_evidence,synthetic_checked
CR-U020,"{""clause_text"":""Tài liệu nhắc tới hai điều kiện: Số hoá đơn khai thẳng trên chứng từ = rỗng; chưa có chứng từ nghiệp vụ khác nào ghi nhận hoá đơn cho nó. Chưa nêu cách kết hợp hai điều kiện này."",""left_condition"":""Số hoá đơn khai thẳng trên chứng từ = rỗng"",""right_condition"":""chưa có chứng từ nghiệp vụ khác nào ghi nhận hoá đơn cho nó""}",flat,insufficient_evidence,synthetic_checked
